Ticker,Fecha,Apertura,Cierre,Maximo,Minimo
GM,2022-01-03,59.87,61.17,61.57,59.74
GM,2022-01-04,61.955,65.74,65.98,61.955
GM,2022-01-05,65.52,62.74,67.21,62.6
GM,2022-01-06,63.165,62.87,63.5,61.67
GM,2022-01-07,63.81,62.27,63.91,61.42
GM,2022-01-10,61.52,61.07,62.0,60.035
GM,2022-01-11,61.25,61.46,61.555,60.1501
GM,2022-01-12,62.47,61.03,62.72,59.635
GM,2022-01-13,61.45,61.77,63.38,61.15
GM,2022-01-14,61.1,61.1,61.765,59.99
GM,2022-01-18,60.13,58.79,60.35,58.54
GM,2022-01-19,59.31,56.24,59.8399,56.125
GM,2022-01-20,56.02,54.65,57.3256,54.415
GM,2022-01-21,54.52,53.28,54.7,52.6857
GM,2022-01-24,51.4,52.64,52.66,49.365
GM,2022-01-25,51.6,51.9,52.5133,50.82
GM,2022-01-26,53.57,52.35,53.99,51.47
GM,2022-01-27,52.845,51.45,53.35,51.0699
GM,2022-01-28,51.25,50.24,51.25,49.24
GM,2022-01-31,50.5,52.73,52.75,49.97
GM,2022-02-01,52.85,54.07,54.24,52.12
GM,2022-02-02,54.92,53.5,55.55,51.68
GM,2022-02-03,52.6,53.11,54.42,52.55
GM,2022-02-04,51.62,51.29,51.85,50.515
GM,2022-02-07,51.49,50.71,52.0,50.52
GM,2022-02-08,48.74,49.46,49.88,47.58
GM,2022-02-09,50.31,50.72,51.68,50.16
GM,2022-02-10,49.73,50.34,51.785,49.6
GM,2022-02-11,50.64,48.83,50.97,48.5405
GM,2022-02-14,48.87,48.4,49.19,48.0
GM,2022-02-15,49.36,49.67,49.91,48.93
GM,2022-02-16,49.43,50.43,50.565,49.26
GM,2022-02-17,49.81,48.82,49.8494,48.66
GM,2022-02-18,48.92,48.6,49.21,47.92
GM,2022-02-22,47.78,46.77,47.94,46.155
GM,2022-02-23,47.26,46.38,48.295,46.26
GM,2022-02-24,44.15,46.35,46.405,43.91
GM,2022-02-25,46.35,47.43,47.475,45.85
GM,2022-02-28,46.24,46.72,47.12,45.84
GM,2022-03-01,46.02,44.52,46.1597,44.155
GM,2022-03-02,44.68,46.32,46.6,44.56
GM,2022-03-03,46.21,44.9,46.74,44.605
GM,2022-03-04,44.03,42.4,44.16,41.99
GM,2022-03-07,42.29,39.83,42.44,39.75
GM,2022-03-08,40.84,40.2,42.31,39.955
GM,2022-03-09,42.26,42.28,42.86,41.8
GM,2022-03-10,41.405,41.85,42.23,40.855
GM,2022-03-11,42.08,41.51,42.3399,41.48
GM,2022-03-14,41.74,40.83,42.43,40.37
GM,2022-03-15,40.83,42.13,42.25,40.8
GM,2022-03-16,43.0,43.85,44.17,42.37
GM,2022-03-17,42.92,43.66,43.83,42.6
GM,2022-03-18,43.23,44.82,45.04,43.13
GM,2022-03-21,44.28,43.61,44.67,43.22
GM,2022-03-22,44.24,44.56,45.27,44.09
GM,2022-03-23,44.0,43.78,44.52,43.77
GM,2022-03-24,44.05,44.35,44.86,43.95
GM,2022-03-25,44.275,43.65,44.31,43.395
GM,2022-03-28,43.9,44.22,44.25,43.28
GM,2022-03-29,45.41,46.26,46.74,45.24
GM,2022-03-30,45.64,45.22,46.03,45.04
GM,2022-03-31,44.84,43.74,44.9,43.74
GM,2022-04-01,44.16,42.96,44.45,42.41
GM,2022-04-04,43.27,43.18,43.42,42.53
GM,2022-04-05,42.96,41.42,43.1599,41.32
GM,2022-04-06,40.79,39.5,41.33,39.48
GM,2022-04-07,39.29,38.72,39.53,37.6
GM,2022-04-08,38.35,39.35,40.05,38.1689
GM,2022-04-11,38.81,40.33,41.3355,38.69
GM,2022-04-12,40.61,40.04,40.78,39.64
GM,2022-04-13,39.62,40.22,40.45,39.545
GM,2022-04-14,40.15,40.13,40.78,40.09
GM,2022-04-18,40.13,40.63,40.93,39.95
GM,2022-04-19,40.81,42.08,42.19,40.81
GM,2022-04-20,42.25,41.72,43.24,41.69
GM,2022-04-21,42.76,40.71,43.0,40.56
GM,2022-04-22,40.46,39.84,40.74,39.78
GM,2022-04-25,39.35,39.82,39.99,38.67
GM,2022-04-26,39.22,38.04,39.45,37.885
GM,2022-04-27,38.29,38.66,39.52,37.7
GM,2022-04-28,39.35,38.75,39.61,37.31
GM,2022-04-29,38.81,37.91,39.42,37.78
GM,2022-05-02,37.67,38.45,38.49,37.25
GM,2022-05-03,39.32,39.94,40.27,38.817
GM,2022-05-04,39.6,41.17,41.24,39.3
GM,2022-05-05,40.32,39.95,40.75,39.35
GM,2022-05-06,39.79,39.58,40.119,38.8
GM,2022-05-09,38.98,38.26,40.22,38.075
GM,2022-05-10,39.39,38.7,39.49,37.52
GM,2022-05-11,38.78,37.27,39.44,37.17
GM,2022-05-12,35.46,35.56,36.2,34.58
GM,2022-05-13,36.18,38.21,38.49,36.07
GM,2022-05-16,38.01,37.1,38.04,36.76
GM,2022-05-17,38.03,38.1,38.5499,37.345
GM,2022-05-18,37.5,35.83,37.77,35.59
GM,2022-05-19,35.38,36.12,36.65,35.15
GM,2022-05-20,37.01,35.4,37.08,34.385
GM,2022-05-23,35.93,36.0,36.6099,35.09
GM,2022-05-24,35.53,35.21,35.57,34.3099
GM,2022-05-25,34.9,35.98,36.35,34.9
GM,2022-05-26,36.38,37.42,37.76,36.38
GM,2022-05-27,37.8,38.57,38.59,37.36
GM,2022-05-31,38.61,38.68,38.95,37.955
GM,2022-06-01,39.01,38.27,39.64,37.895
GM,2022-06-02,38.4,38.87,39.25,38.36
GM,2022-06-03,38.09,37.61,38.29,37.48
GM,2022-06-06,38.35,37.83,38.43,37.51
GM,2022-06-07,37.22,38.37,38.46,36.82
GM,2022-06-08,38.34,37.69,38.77,37.63
GM,2022-06-09,37.48,36.65,37.68,36.63
GM,2022-06-10,35.73,35.01,36.37,35.0
GM,2022-06-13,33.86,32.28,34.08,32.15
GM,2022-06-14,32.67,33.2,33.59,32.47
GM,2022-06-15,33.36,34.18,34.6,33.35
GM,2022-06-16,32.85,31.42,32.85,30.92
GM,2022-06-17,31.45,31.88,32.39,30.65
GM,2022-06-21,32.825,32.64,33.1,31.89
GM,2022-06-22,32.19,32.83,33.51,32.03
GM,2022-06-23,32.92,32.99,33.345,32.23
GM,2022-06-24,33.11,34.82,35.0,33.06
GM,2022-06-27,34.99,34.63,35.32,34.34
GM,2022-06-28,35.19,33.99,36.1277,33.95
GM,2022-06-29,33.8,33.45,33.87,32.66
GM,2022-06-30,32.59,31.76,32.735,31.4075
GM,2022-07-01,31.28,32.19,32.88,31.26
GM,2022-07-05,31.11,32.37,32.43,30.33
GM,2022-07-06,32.05,31.27,32.49,30.935
GM,2022-07-07,32.0,32.66,32.845,31.95
GM,2022-07-08,32.69,32.31,33.13,32.25
GM,2022-07-11,31.91,30.87,32.2,30.79
GM,2022-07-12,30.92,31.53,32.06,30.8
GM,2022-07-13,30.85,31.72,31.845,30.36
GM,2022-07-14,31.15,31.59,31.65,30.67
GM,2022-07-15,32.25,32.87,32.925,31.71
GM,2022-07-18,33.3,32.62,33.59,32.48
GM,2022-07-19,33.35,34.4,34.6264,33.275
GM,2022-07-20,34.18,34.76,35.015,34.05
GM,2022-07-21,34.76,35.13,35.13,34.36
GM,2022-07-22,35.17,34.67,35.2,34.29
GM,2022-07-25,34.86,34.52,35.05,34.13
GM,2022-07-26,34.035,33.34,34.08,33.04
GM,2022-07-27,34.02,34.68,34.8,33.63
GM,2022-07-28,35.005,35.74,35.75,34.6
GM,2022-07-29,35.75,36.26,36.44,35.39
GM,2022-08-01,36.06,36.77,36.98,35.605
GM,2022-08-02,36.32,36.13,36.96,36.11
GM,2022-08-03,36.79,37.31,38.19,36.75
GM,2022-08-04,37.02,36.23,37.16,36.07
GM,2022-08-05,35.92,36.06,36.285,35.59
GM,2022-08-08,36.62,37.56,38.18,36.46
GM,2022-08-09,37.27,36.62,37.35,36.22
GM,2022-08-10,37.69,37.95,38.48,37.495
GM,2022-08-11,38.69,38.46,39.04,38.18
GM,2022-08-12,38.83,39.48,39.505,38.48
GM,2022-08-15,38.88,39.4,39.69,38.81
GM,2022-08-16,38.95,38.99,39.605,38.72
GM,2022-08-17,38.19,38.4,38.685,37.65
GM,2022-08-18,38.33,38.72,38.9,38.06
GM,2022-08-19,39.24,39.7,40.28,39.09
GM,2022-08-22,38.24,38.55,38.82,37.92
GM,2022-08-23,38.96,38.56,39.41,38.42
GM,2022-08-24,38.61,39.25,39.73,38.32
GM,2022-08-25,39.36,40.39,40.78,39.34
GM,2022-08-26,40.75,39.23,41.09,39.22
GM,2022-08-29,38.77,39.51,39.975,38.701
GM,2022-08-30,39.76,39.13,39.88,38.575
GM,2022-08-31,39.2,38.21,39.23,38.12
GM,2022-09-01,37.81,38.56,38.6,37.51
GM,2022-09-02,39.32,38.47,39.525,38.325
GM,2022-09-06,38.81,38.71,39.4709,38.405
GM,2022-09-07,38.52,40.11,40.17,38.4
GM,2022-09-08,39.45,40.5,40.675,39.345
GM,2022-09-09,40.75,41.29,41.54,40.7
GM,2022-09-12,41.66,42.05,42.36,41.405
GM,2022-09-13,40.6,40.53,41.42,40.35
GM,2022-09-14,40.74,40.62,40.85,39.745
GM,2022-09-15,40.57,40.66,42.13,40.54
GM,2022-09-16,40.06,39.97,40.57,39.71
GM,2022-09-19,39.5,41.39,41.44,39.43
GM,2022-09-20,40.23,39.06,40.6,38.9
GM,2022-09-21,39.16,37.68,39.69,37.665
GM,2022-09-22,37.81,37.38,38.04,37.19
GM,2022-09-23,36.47,35.48,36.72,34.835
GM,2022-09-26,35.1,35.04,36.05,34.67
GM,2022-09-27,35.55,34.71,35.68,34.07
GM,2022-09-28,34.75,35.25,35.5,34.36
GM,2022-09-29,34.01,33.26,34.38,32.82
GM,2022-09-30,32.93,32.09,33.21,32.05
GM,2022-10-03,32.46,32.87,33.29,31.6112
GM,2022-10-04,34.2,35.8,35.8,33.92
GM,2022-10-05,34.38,34.84,35.015,33.81
GM,2022-10-06,34.58,34.63,35.17,34.38
GM,2022-10-07,34.06,33.62,34.258,33.395
GM,2022-10-10,32.38,32.29,32.615,31.105
GM,2022-10-11,32.01,32.09,32.87,31.28
GM,2022-10-12,32.12,32.2,32.5256,31.6
GM,2022-10-13,31.29,32.76,32.97,31.27
GM,2022-10-14,33.07,32.89,33.22,32.45
GM,2022-10-17,33.7,33.57,33.95,33.0601
GM,2022-10-18,34.78,34.25,34.9,33.98
GM,2022-10-19,33.79,33.63,34.19,33.3
GM,2022-10-20,33.74,33.44,34.15,33.14
GM,2022-10-21,33.5,35.0,35.01,33.32
GM,2022-10-24,34.91,35.72,35.88,34.46
GM,2022-10-25,36.45,37.01,37.48,35.83
GM,2022-10-26,37.36,37.86,38.27,37.18
GM,2022-10-27,38.04,38.16,38.64,37.405
GM,2022-10-28,38.2,38.85,38.875,38.09
GM,2022-10-31,38.55,39.25,39.655,38.36
GM,2022-11-01,39.92,39.35,40.1,38.8501
GM,2022-11-02,39.22,38.52,40.07,38.46
GM,2022-11-03,37.78,38.51,38.745,37.65
GM,2022-11-04,39.39,39.0,39.74,38.46
GM,2022-11-07,39.36,39.39,39.47,38.69
GM,2022-11-08,39.47,39.05,39.51,38.51
GM,2022-11-09,38.55,38.06,38.87,38.03
GM,2022-11-10,39.15,39.74,40.595,38.86
GM,2022-11-11,39.86,41.12,41.575,39.82
GM,2022-11-14,41.01,39.93,41.19,39.925
GM,2022-11-15,40.7,40.24,41.37,40.01
GM,2022-11-16,39.75,38.47,39.86,38.47
GM,2022-11-17,38.03,38.64,39.6,37.4737
GM,2022-11-18,39.5,39.77,39.99,39.04
GM,2022-11-21,39.44,39.52,39.72,39.0
GM,2022-11-22,39.89,39.97,40.27,39.625
GM,2022-11-23,39.85,40.11,40.1999,39.57
GM,2022-11-25,39.81,40.46,40.47,39.81
GM,2022-11-28,39.92,39.38,40.37,39.305
GM,2022-11-29,39.62,39.75,40.04,39.54
GM,2022-11-30,39.98,40.56,40.56,39.23
GM,2022-12-01,40.77,40.43,41.38,40.415
GM,2022-12-02,39.86,39.9,40.14,39.55
GM,2022-12-05,39.47,38.79,39.62,38.685
GM,2022-12-06,38.93,38.02,39.09,37.35
GM,2022-12-07,37.665,37.96,38.33,37.56
GM,2022-12-08,38.07,38.2,38.26,37.6
GM,2022-12-09,37.85,38.28,38.555,37.78
GM,2022-12-12,38.32,38.49,38.67,38.0155
GM,2022-12-13,39.66,38.77,40.01,38.53
GM,2022-12-14,38.74,38.36,39.09,37.9601
GM,2022-12-15,37.79,37.62,37.803,37.19
GM,2022-12-16,37.03,36.15,37.2,35.87
GM,2022-12-19,36.28,35.42,36.4,35.36
GM,2022-12-20,35.26,35.2,35.585,34.78
GM,2022-12-21,35.72,35.9,36.035,35.47
GM,2022-12-22,35.17,33.53,35.18,33.28
GM,2022-12-23,33.68,33.83,33.88,33.18
GM,2022-12-27,33.52,33.32,33.75,33.02
GM,2022-12-28,33.32,32.53,33.5,32.515
GM,2022-12-29,32.82,33.67,33.675,32.82
GM,2022-12-30,33.33,33.64,33.755,33.23
F,2022-01-03,21.27,21.77,21.88,21.06
F,2022-01-04,22.52,24.31,24.5576,22.42
F,2022-01-05,24.06,23.66,24.95,23.47
F,2022-01-06,24.09,24.46,24.62,23.36
F,2022-01-07,24.67,24.44,24.91,24.04
F,2022-01-10,24.1,23.85,24.44,23.35
F,2022-01-11,23.78,24.35,24.35,23.28
F,2022-01-12,24.61,24.47,24.84,24.01
F,2022-01-13,24.64,25.02,25.87,24.37
F,2022-01-14,24.47,25.19,25.28,24.3
F,2022-01-18,24.87,24.38,25.13,24.3
F,2022-01-19,24.65,22.45,24.92,22.41
F,2022-01-20,21.88,21.65,22.88,21.57
F,2022-01-21,21.21,20.65,21.5,20.54
F,2022-01-24,19.93,20.39,20.47,18.8
F,2022-01-25,20.0,19.98,20.31,19.56
F,2022-01-26,21.01,19.91,21.04,19.57
F,2022-01-27,20.31,19.55,20.65,19.41
F,2022-01-28,19.32,19.54,19.55,18.9245
F,2022-01-31,19.58,20.3,20.33,19.3701
F,2022-02-01,20.61,20.66,20.85,19.92
F,2022-02-02,20.81,20.63,21.05,20.18
F,2022-02-03,20.17,19.89,20.62,19.87
F,2022-02-04,18.525,17.96,18.59,17.52
F,2022-02-07,17.73,17.89,18.12,17.7
F,2022-02-08,17.575,17.72,17.91,17.02
F,2022-02-09,18.27,18.35,18.43,18.03
F,2022-02-10,17.965,18.08,18.63,17.92
F,2022-02-11,18.1,17.55,18.36,17.42
F,2022-02-14,17.51,17.46,17.7299,17.29
F,2022-02-15,17.8,18.08,18.13,17.72
F,2022-02-16,17.885,18.01,18.21,17.74
F,2022-02-17,17.86,17.54,17.94,17.5
F,2022-02-18,17.6,18.04,18.48,17.57
F,2022-02-22,17.67,17.29,17.76,17.07
F,2022-02-23,17.5,16.95,17.73,16.88
F,2022-02-24,15.99,17.15,17.19,15.955
F,2022-02-25,17.25,17.83,17.9,17.12
F,2022-02-28,17.34,17.56,17.675,17.2101
F,2022-03-01,17.41,16.7,17.41,16.45
F,2022-03-02,17.5,18.1,18.249,17.295
F,2022-03-03,18.25,17.6,18.25,17.44
F,2022-03-04,17.35,16.85,17.39,16.64
F,2022-03-07,16.84,15.97,16.9,15.97
F,2022-03-08,16.06,16.03,16.72,15.77
F,2022-03-09,16.65,16.37,16.83,16.28
F,2022-03-10,16.11,16.33,16.405,15.76
F,2022-03-11,16.4,16.04,16.48,16.01
F,2022-03-14,16.085,15.74,16.23,15.51
F,2022-03-15,15.77,16.06,16.14,15.53
F,2022-03-16,16.47,16.58,16.6298,16.06
F,2022-03-17,16.23,16.58,16.58,16.16
F,2022-03-18,16.42,16.86,16.895,16.28
F,2022-03-21,16.87,16.48,17.1055,16.33
F,2022-03-22,16.72,17.09,17.305,16.7001
F,2022-03-23,16.82,16.68,17.05,16.565
F,2022-03-24,16.74,16.83,16.98,16.64
F,2022-03-25,16.74,16.47,16.78,16.34
F,2022-03-28,16.55,16.67,16.68,16.28
F,2022-03-29,17.01,17.75,17.8,17.01
F,2022-03-30,17.52,17.27,17.66,17.2
F,2022-03-31,17.2,16.91,17.35,16.5
F,2022-04-01,17.01,16.65,17.15,16.34
F,2022-04-04,16.66,16.66,16.73,16.36
F,2022-04-05,16.46,15.82,16.62,15.81
F,2022-04-06,15.6,15.39,15.7971,15.18
F,2022-04-07,15.07,14.96,15.205,14.56
F,2022-04-08,14.94,15.05,15.44,14.81
F,2022-04-11,14.89,15.28,15.77,14.89
F,2022-04-12,15.5,15.36,15.72,15.28
F,2022-04-13,15.31,15.51,15.545,15.22
F,2022-04-14,15.5,15.48,15.76,15.46
F,2022-04-18,15.37,15.67,15.79,15.37
F,2022-04-19,15.74,16.15,16.23,15.74
F,2022-04-20,16.23,16.05,16.55,16.005
F,2022-04-21,16.48,15.7,16.57,15.61
F,2022-04-22,15.55,15.13,15.64,15.0
F,2022-04-25,14.91,15.19,15.2,14.615
F,2022-04-26,15.1,14.71,15.14,14.67
F,2022-04-27,14.79,14.85,15.0981,14.6
F,2022-04-28,14.91,14.62,14.99,13.9
F,2022-04-29,14.59,14.16,14.97,14.095
F,2022-05-02,14.02,14.27,14.29,13.82
F,2022-05-03,14.31,14.56,14.75,14.2
F,2022-05-04,14.505,14.98,15.0,14.26
F,2022-05-05,14.82,14.53,14.82,14.335
F,2022-05-06,14.46,14.21,14.6,14.0
F,2022-05-09,13.85,13.37,14.17,13.31
F,2022-05-10,13.8,13.35,13.84,13.02
F,2022-05-11,13.2,12.83,13.62,12.79
F,2022-05-12,12.21,12.44,12.8,12.15
F,2022-05-13,12.88,13.5,13.63,12.87
F,2022-05-16,13.49,13.05,13.52,12.98
F,2022-05-17,13.34,13.53,13.53,13.16
F,2022-05-18,13.25,12.78,13.36,12.71
F,2022-05-19,12.64,12.85,13.12,12.63
F,2022-05-20,13.05,12.5,13.12,12.07
F,2022-05-23,12.64,12.83,12.95,12.495
F,2022-05-24,12.6,12.42,12.68,12.27
F,2022-05-25,12.33,12.71,12.81,12.32
F,2022-05-26,12.8,13.12,13.2,12.79
F,2022-05-27,13.26,13.63,13.63,13.24
F,2022-05-31,13.68,13.68,13.82,13.35
F,2022-06-01,13.88,13.55,13.97,13.4
F,2022-06-02,13.64,13.89,13.96,13.6
F,2022-06-03,13.63,13.5,13.775,13.36
F,2022-06-06,13.74,13.46,13.74,13.38
F,2022-06-07,13.26,13.74,13.77,13.185
F,2022-06-08,13.63,13.53,13.85,13.44
F,2022-06-09,13.51,13.28,13.59,13.28
F,2022-06-10,13.0,12.75,13.21,12.63
F,2022-06-13,12.3,11.81,12.38,11.74
F,2022-06-14,11.99,12.2,12.42,11.91
F,2022-06-15,12.22,12.27,12.42,12.0
F,2022-06-16,11.8,11.25,11.91,11.12
F,2022-06-17,11.24,11.23,11.44,10.9
F,2022-06-21,11.55,11.46,11.655,11.35
F,2022-06-22,11.26,11.48,11.68,11.21
F,2022-06-23,11.5,11.56,11.58,11.25
F,2022-06-24,11.65,12.01,12.12,11.57
F,2022-06-27,12.12,12.04,12.18,11.9
F,2022-06-28,12.14,11.81,12.435,11.8
F,2022-06-29,11.74,11.52,11.76,11.38
F,2022-06-30,11.24,11.13,11.36,10.93
F,2022-07-01,11.1,11.32,11.5,10.99
F,2022-07-05,11.05,11.2,11.21,10.61
F,2022-07-06,11.15,11.06,11.27,10.84
F,2022-07-07,11.33,11.65,11.72,11.33
F,2022-07-08,11.65,11.62,11.78,11.48
F,2022-07-11,11.54,11.29,11.66,11.27
F,2022-07-12,11.29,11.56,11.72,11.27
F,2022-07-13,11.31,11.51,11.58,11.17
F,2022-07-14,11.22,11.39,11.4,11.14
F,2022-07-15,11.58,11.88,11.9,11.49
F,2022-07-18,12.15,11.96,12.25,11.9
F,2022-07-19,12.22,12.59,12.69,12.21
F,2022-07-20,12.6,12.73,12.82,12.51
F,2022-07-21,12.88,13.0,13.0,12.63
F,2022-07-22,13.1,12.82,13.14,12.72
F,2022-07-25,12.85,12.84,12.99,12.6
F,2022-07-26,12.68,12.54,12.76,12.46
F,2022-07-27,12.75,13.19,13.19,12.63
F,2022-07-28,13.94,14.0,14.09,13.38
F,2022-07-29,14.11,14.69,14.785,14.005
F,2022-08-01,14.66,15.34,15.43,14.55
F,2022-08-02,15.2,15.16,15.45,15.12
F,2022-08-03,15.48,15.69,16.15,15.46
F,2022-08-04,15.65,15.37,15.67,15.31
F,2022-08-05,15.23,15.3,15.47,15.13
F,2022-08-08,15.57,15.78,16.04,15.55
F,2022-08-09,15.66,15.19,15.7,15.15
F,2022-08-10,15.47,15.5,15.58,15.23
F,2022-08-11,15.8,15.83,15.92,15.61
F,2022-08-12,15.95,16.18,16.22,15.84
F,2022-08-15,16.0,16.32,16.45,15.94
F,2022-08-16,16.3,16.43,16.68,16.26
F,2022-08-17,16.16,16.03,16.27,15.9
F,2022-08-18,15.99,16.15,16.21,15.86
F,2022-08-19,15.95,15.88,16.14,15.77
F,2022-08-22,15.08,15.08,15.21,14.91
F,2022-08-23,15.09,15.32,15.42,15.09
F,2022-08-24,15.32,15.52,15.66,15.2401
F,2022-08-25,15.6,15.93,16.04,15.58
F,2022-08-26,16.01,15.41,16.09,15.41
F,2022-08-29,15.2,15.57,15.71,15.19
F,2022-08-30,15.7,15.45,15.8,15.17
F,2022-08-31,15.52,15.24,15.52,15.24
F,2022-09-01,15.1,15.19,15.215,14.78
F,2022-09-02,15.53,15.16,15.57,15.06
F,2022-09-06,15.22,15.03,15.24,14.84
F,2022-09-07,14.91,15.43,15.49,14.79
F,2022-09-08,15.16,15.47,15.48,15.02
F,2022-09-09,15.6,15.42,15.7,15.32
F,2022-09-12,15.55,15.54,15.74,15.45
F,2022-09-13,15.0,14.74,15.13,14.7
F,2022-09-14,14.76,14.66,14.85,14.445
F,2022-09-15,14.69,14.89,15.21,14.68
F,2022-09-16,14.62,14.72,14.74,14.47
F,2022-09-19,14.5,14.93,14.96,14.49
F,2022-09-20,14.09,13.09,14.23,13.01
F,2022-09-21,13.24,13.05,13.59,13.05
F,2022-09-22,13.12,12.77,13.24,12.75
F,2022-09-23,12.33,12.31,12.44,11.95
F,2022-09-26,12.21,11.99,12.38,11.93
F,2022-09-27,12.21,11.91,12.22,11.66
F,2022-09-28,11.91,12.18,12.24,11.76
F,2022-09-29,11.85,11.47,11.88,11.36
F,2022-09-30,11.39,11.2,11.53,11.19
F,2022-10-03,11.38,11.47,11.59,11.13
F,2022-10-04,11.96,12.36,12.37,11.94
F,2022-10-05,12.38,12.51,12.56,12.13
F,2022-10-06,12.36,12.36,12.6299,12.19
F,2022-10-07,12.18,12.2,12.3,12.0
F,2022-10-10,11.47,11.36,11.55,11.2
F,2022-10-11,11.3,11.56,11.87,11.18
F,2022-10-12,11.48,11.54,11.7,11.35
F,2022-10-13,11.24,11.77,11.89,11.2
F,2022-10-14,11.8,11.67,11.85,11.56
F,2022-10-17,11.98,11.83,11.99,11.66
F,2022-10-18,12.22,12.03,12.25,11.91
F,2022-10-19,11.91,12.13,12.14,11.86
F,2022-10-20,12.13,11.77,12.195,11.73
F,2022-10-21,11.74,12.19,12.25,11.675
F,2022-10-24,12.3,12.48,12.65,12.18
F,2022-10-25,12.58,12.83,13.03,12.46
F,2022-10-26,12.8,12.82,13.06,12.52
F,2022-10-27,12.77,13.0,13.22,12.42
F,2022-10-28,13.0,13.26,13.31,12.97
F,2022-10-31,13.15,13.37,13.51,13.14
F,2022-11-01,13.57,13.4,13.645,13.155
F,2022-11-02,13.215,13.06,13.67,13.06
F,2022-11-03,12.81,13.26,13.46,12.77
F,2022-11-04,13.57,13.51,13.77,13.27
F,2022-11-07,13.61,13.7,13.76,13.37
F,2022-11-08,13.78,13.72,13.8,13.51
F,2022-11-09,13.57,13.31,13.7,13.28
F,2022-11-10,13.69,14.18,14.36,13.67
F,2022-11-11,14.26,14.5,14.666,14.2
F,2022-11-14,14.23,14.06,14.35,14.06
F,2022-11-15,14.29,14.3,14.58,14.2
F,2022-11-16,14.1,13.9,14.165,13.84
F,2022-11-17,13.66,13.91,13.91,13.55
F,2022-11-18,14.08,13.99,14.13,13.8201
F,2022-11-21,13.86,13.95,14.0399,13.66
F,2022-11-22,14.045,14.07,14.15,13.9836
F,2022-11-23,14.0,14.03,14.06,13.85
F,2022-11-25,13.96,14.08,14.11,13.9
F,2022-11-28,13.94,13.73,13.96,13.7
F,2022-11-29,13.85,13.75,13.9,13.71
F,2022-11-30,13.78,13.9,13.95,13.45
F,2022-12-01,14.09,14.08,14.36,14.0
F,2022-12-02,13.84,13.86,13.9672,13.75
F,2022-12-05,13.75,13.38,13.7699,13.37
F,2022-12-06,13.42,13.28,13.565,13.06
F,2022-12-07,13.2,13.1,13.42,13.09
F,2022-12-08,13.2,13.12,13.26,13.07
F,2022-12-09,13.04,13.18,13.36,13.04
F,2022-12-12,13.2,13.46,13.47,13.1
F,2022-12-13,13.78,13.57,13.92,13.37
F,2022-12-14,13.57,13.48,13.775,13.36
F,2022-12-15,13.23,13.03,13.26,12.95
F,2022-12-16,12.77,12.12,12.82,12.08
F,2022-12-19,12.12,11.69,12.17,11.54
F,2022-12-20,11.65,11.47,11.68,11.12
F,2022-12-21,11.61,11.78,11.79,11.55
F,2022-12-22,11.535,11.31,11.54,11.1
F,2022-12-23,11.27,11.36,11.4,11.22
F,2022-12-27,11.28,11.2,11.39,11.13
F,2022-12-28,11.18,10.95,11.25,10.9
F,2022-12-29,11.08,11.54,11.55,11.05
F,2022-12-30,11.4,11.63,11.64,11.39
TSLA,2022-01-03,382.5833,399.9267,400.3567,378.68
TSLA,2022-01-04,396.5167,383.1967,402.6667,374.35
TSLA,2022-01-05,382.2167,362.7067,390.1133,360.3367
TSLA,2022-01-06,359.0,354.9,362.6667,340.1667
TSLA,2022-01-07,360.1233,342.32,360.31,336.6667
TSLA,2022-01-10,333.3333,352.7067,353.0333,326.6667
TSLA,2022-01-11,351.2233,354.8,358.6167,346.2733
TSLA,2022-01-12,359.6167,368.74,371.6133,357.53
TSLA,2022-01-13,369.6883,343.8533,371.8667,342.1797
TSLA,2022-01-14,339.96,349.87,350.6667,337.7929
TSLA,2022-01-18,342.2017,343.5033,356.93,338.6867
TSLA,2022-01-19,347.235,331.8833,351.5566,331.6667
TSLA,2022-01-20,336.5767,332.09,347.22,331.3333
TSLA,2022-01-21,332.1133,314.6333,334.85,313.5
TSLA,2022-01-24,301.5867,310.0,311.171,283.8233
TSLA,2022-01-25,304.7333,306.1333,317.0867,301.07
TSLA,2022-01-26,317.4767,312.47,329.23,302.0
TSLA,2022-01-27,311.12,276.3667,311.7967,276.3333
TSLA,2022-01-28,277.1867,282.1167,285.8333,264.0033
TSLA,2022-01-31,290.9033,312.24,312.6633,287.35
TSLA,2022-02-01,311.7367,310.4167,314.5667,301.6667
TSLA,2022-02-02,309.3933,301.8867,310.5,296.47
TSLA,2022-02-03,294.0,297.0467,312.3333,293.5067
TSLA,2022-02-04,299.0733,307.7733,312.1667,293.7233
TSLA,2022-02-07,307.93,302.4467,315.9233,300.903
TSLA,2022-02-08,301.8433,307.3333,308.7633,298.2667
TSLA,2022-02-09,311.6667,310.6667,315.4233,306.6667
TSLA,2022-02-10,302.79,301.5167,314.6033,298.9
TSLA,2022-02-11,303.21,286.6667,305.32,283.5667
TSLA,2022-02-14,287.19,291.92,299.6266,284.3833
TSLA,2022-02-15,300.0,307.4767,307.6667,297.7925
TSLA,2022-02-16,304.6833,307.7967,308.81,300.4033
TSLA,2022-02-17,304.42,292.1167,306.1666,291.3667
TSLA,2022-02-18,295.3333,285.66,295.6233,279.2033
TSLA,2022-02-22,278.0433,273.8433,285.5779,267.0334
TSLA,2022-02-23,276.81,254.68,278.4332,253.52
TSLA,2022-02-24,233.4633,266.9233,267.4933,233.3333
TSLA,2022-02-25,269.7433,269.9567,273.1667,260.8002
TSLA,2022-02-28,271.67,290.1433,292.2867,271.5692
TSLA,2022-03-01,289.8933,288.1233,296.6267,284.5933
TSLA,2022-03-02,290.71,293.2967,295.4933,281.424
TSLA,2022-03-03,292.9233,279.7633,295.4797,277.5334
TSLA,2022-03-04,283.0333,279.43,285.2167,275.0536
TSLA,2022-03-07,285.4333,268.1933,288.7133,268.19
TSLA,2022-03-08,265.1767,274.8,283.33,260.7233
TSLA,2022-03-09,279.8267,286.3233,286.8533,277.3367
TSLA,2022-03-10,283.8167,279.4333,284.8167,270.12
TSLA,2022-03-11,280.0657,265.1167,281.2673,264.59
TSLA,2022-03-14,260.2033,255.4567,266.9,252.0133
TSLA,2022-03-15,258.4233,267.2967,268.5233,252.19
TSLA,2022-03-16,269.6667,280.0767,280.6667,267.42
TSLA,2022-03-17,276.9967,290.5333,291.6667,275.2393
TSLA,2022-03-18,291.4967,301.7967,302.6167,289.13
TSLA,2022-03-21,304.9933,307.0533,314.2833,302.3633
TSLA,2022-03-22,310.0,331.3267,332.62,307.25
TSLA,2022-03-23,326.6467,333.0367,346.9,325.4667
TSLA,2022-03-24,336.5767,337.9733,341.4967,329.6
TSLA,2022-03-25,336.0,336.88,340.6,332.44
TSLA,2022-03-28,355.0333,363.9467,365.96,351.2
TSLA,2022-03-29,369.33,366.5233,371.59,357.7033
TSLA,2022-03-30,363.7233,364.6633,371.3167,361.3333
TSLA,2022-03-31,364.8567,359.2,367.7133,358.8803
TSLA,2022-04-01,360.3833,361.53,364.9167,355.5467
TSLA,2022-04-04,363.1267,381.8167,383.3033,357.51
TSLA,2022-04-05,378.7667,363.7533,384.29,362.4333
TSLA,2022-04-06,357.8233,348.5867,359.6667,342.5667
TSLA,2022-04-07,350.7967,352.42,358.8633,340.5134
TSLA,2022-04-08,347.7367,341.83,349.48,340.8117
TSLA,2022-04-11,326.8,325.31,336.156,324.88
TSLA,2022-04-12,332.5467,328.9833,340.3974,325.5334
TSLA,2022-04-13,327.025,340.79,342.08,324.3657
TSLA,2022-04-14,333.0967,328.3333,337.57,327.3967
TSLA,2022-04-18,329.6767,334.7633,338.3067,324.47
TSLA,2022-04-19,335.02,342.7167,344.98,331.775
TSLA,2022-04-20,343.3333,325.7333,344.6667,325.0834
TSLA,2022-04-21,358.2433,336.26,364.0733,332.1383
TSLA,2022-04-22,338.3033,335.0167,344.95,331.3334
TSLA,2022-04-25,326.3233,332.6733,336.2067,325.1
TSLA,2022-04-26,331.81,292.14,333.3333,291.6667
TSLA,2022-04-27,299.5267,293.8367,306.0,292.4533
TSLA,2022-04-28,299.9933,292.5033,300.0,273.9
TSLA,2022-04-29,300.75,290.2533,311.4666,290.0
TSLA,2022-05-02,286.9233,300.98,302.12,282.6767
TSLA,2022-05-03,301.06,303.0833,308.0267,296.1967
TSLA,2022-05-04,301.3133,317.54,318.5,295.0933
TSLA,2022-05-05,313.07,291.0933,315.2,285.9
TSLA,2022-05-06,295.6667,288.55,296.0,281.035
TSLA,2022-05-09,278.8167,262.37,281.8767,260.3833
TSLA,2022-05-10,273.1033,266.68,275.12,258.0833
TSLA,2022-05-11,265.0,244.6667,269.9233,242.4
TSLA,2022-05-12,233.6667,242.6667,253.22,226.6667
TSLA,2022-05-13,257.8267,256.53,262.45,250.5217
TSLA,2022-05-16,255.72,241.4567,256.5867,239.6962
TSLA,2022-05-17,249.12,253.87,254.8267,242.95
TSLA,2022-05-18,248.1733,236.6033,253.5,233.6033
TSLA,2022-05-19,235.6667,236.4733,244.6667,231.37
TSLA,2022-05-20,237.9967,221.3,240.5273,211.0
TSLA,2022-05-23,218.34,224.9667,226.6517,212.6867
TSLA,2022-05-24,217.8433,209.3867,217.9733,206.8567
TSLA,2022-05-25,207.95,219.6,223.1067,207.67
TSLA,2022-05-26,220.4733,235.91,239.5566,217.8867
TSLA,2022-05-27,241.0833,253.21,253.2667,240.177
TSLA,2022-05-31,257.9467,252.7533,259.6,244.7433
TSLA,2022-06-01,251.72,246.79,257.3267,243.64
TSLA,2022-06-02,244.1567,258.3333,264.21,242.0667
TSLA,2022-06-03,243.225,234.5167,247.7966,233.4178
TSLA,2022-06-06,244.3533,238.28,244.8667,234.35
TSLA,2022-06-07,234.0,238.8867,239.9967,230.0933
TSLA,2022-06-08,240.0867,241.8667,249.9633,239.1767
TSLA,2022-06-09,249.34,239.7067,255.5466,239.3267
TSLA,2022-06-10,235.1567,232.23,239.5,227.9133
TSLA,2022-06-13,223.1667,215.7367,226.6333,214.6833
TSLA,2022-06-14,218.2867,220.89,226.33,211.7367
TSLA,2022-06-15,220.9167,233.0,235.6633,218.15
TSLA,2022-06-16,222.7367,213.1,225.1667,208.6933
TSLA,2022-06-17,213.4333,216.76,220.9694,213.1967
TSLA,2022-06-21,224.6033,237.0367,243.5774,224.3333
TSLA,2022-06-22,234.5033,236.0867,246.8333,233.8267
TSLA,2022-06-23,237.905,235.07,239.3167,228.6367
TSLA,2022-06-24,237.4683,245.7067,246.0667,236.0867
TSLA,2022-06-27,249.3667,244.92,252.07,242.5655
TSLA,2022-06-28,244.4833,232.6633,249.97,232.3433
TSLA,2022-06-29,230.5,228.49,231.1733,222.2733
TSLA,2022-06-30,224.51,224.4733,229.4567,218.8633
TSLA,2022-07-01,227.0,227.2633,230.23,222.12
TSLA,2022-07-05,223.0,233.0667,233.1467,216.1667
TSLA,2022-07-06,230.78,231.7333,234.5633,227.1867
TSLA,2022-07-07,233.92,244.5433,245.3617,232.21
TSLA,2022-07-08,242.3333,250.7633,254.98,241.1614
TSLA,2022-07-11,252.1033,234.3433,253.0633,233.6267
TSLA,2022-07-12,236.8467,233.07,239.7733,228.3683
TSLA,2022-07-13,225.5,237.04,242.06,225.0333
TSLA,2022-07-14,234.8967,238.3133,238.6533,229.3333
TSLA,2022-07-15,240.0,240.0667,243.6233,236.89
TSLA,2022-07-18,244.9367,240.5467,250.5167,239.6033
TSLA,2022-07-19,245.0,245.53,247.14,236.9767
TSLA,2022-07-20,246.7833,247.5,250.6633,243.483
TSLA,2022-07-21,255.1067,271.7067,273.2667,254.8667
TSLA,2022-07-22,276.22,272.2433,280.7867,270.7133
TSLA,2022-07-25,272.2167,268.4333,274.1467,267.4
TSLA,2022-07-26,266.5133,258.86,267.31,256.2633
TSLA,2022-07-27,263.81,274.82,275.9256,261.79
TSLA,2022-07-28,280.0667,280.9,283.3,272.8
TSLA,2022-07-29,280.7,297.15,298.32,279.1
TSLA,2022-08-01,301.275,297.2767,311.8782,295.0
TSLA,2022-08-02,294.0033,300.5867,307.8333,292.6667
TSLA,2022-08-03,305.0,307.3967,309.55,301.15
TSLA,2022-08-04,311.0,308.6333,313.6067,305.0
TSLA,2022-08-05,302.67,288.17,304.6066,285.5447
TSLA,2022-08-08,295.0,290.4233,305.2,289.0854
TSLA,2022-08-09,290.2933,283.3333,292.3967,279.3533
TSLA,2022-08-10,297.0667,294.3567,297.51,283.37
TSLA,2022-08-11,296.5133,286.63,298.2367,285.8333
TSLA,2022-08-12,289.415,300.03,300.16,285.0333
TSLA,2022-08-15,301.7867,309.32,313.1333,301.23
TSLA,2022-08-16,311.6667,306.5633,314.6667,302.8833
TSLA,2022-08-17,303.3967,303.9967,309.6567,300.0333
TSLA,2022-08-18,306.0,302.87,306.5,301.8533
TSLA,2022-08-19,299.0,296.6667,300.36,292.5
TSLA,2022-08-22,291.9133,289.9133,292.4,286.2967
TSLA,2022-08-23,291.4533,296.4533,298.8266,287.9233
TSLA,2022-08-24,297.5633,297.0967,303.6467,296.5
TSLA,2022-08-25,302.36,296.07,302.96,291.6
TSLA,2022-08-26,297.43,288.09,302.0,287.47
TSLA,2022-08-29,282.83,284.82,287.74,280.7
TSLA,2022-08-30,287.865,277.7,288.48,272.65
TSLA,2022-08-31,280.62,275.61,281.25,271.81
TSLA,2022-09-01,272.575,277.16,277.58,266.15
TSLA,2022-09-02,281.065,270.21,282.35,269.08
TSLA,2022-09-06,272.675,274.42,275.99,265.74
TSLA,2022-09-07,273.1,283.7,283.84,272.27
TSLA,2022-09-08,281.3,289.26,289.5,279.76
TSLA,2022-09-09,291.67,299.68,299.85,291.245
TSLA,2022-09-12,300.72,304.42,305.49,300.4
TSLA,2022-09-13,292.9,292.13,297.3999,290.4
TSLA,2022-09-14,292.24,302.61,306.0,291.64
TSLA,2022-09-15,301.825,303.75,309.12,300.7247
TSLA,2022-09-16,299.605,303.35,303.71,295.6005
TSLA,2022-09-19,300.09,309.07,309.84,297.8
TSLA,2022-09-20,306.91,308.73,313.33,305.58
TSLA,2022-09-21,308.29,300.8,313.8,300.63
TSLA,2022-09-22,299.86,288.59,301.29,285.82
TSLA,2022-09-23,283.09,275.33,284.5,272.82
TSLA,2022-09-26,271.83,276.01,284.09,270.31
TSLA,2022-09-27,283.84,282.94,288.67,277.51
TSLA,2022-09-28,283.08,287.81,289.0,277.57
TSLA,2022-09-29,282.76,268.21,283.65,265.78
TSLA,2022-09-30,266.145,265.25,275.57,262.47
TSLA,2022-10-03,254.5,242.4,255.16,241.01
TSLA,2022-10-04,250.52,249.44,257.5,242.01
TSLA,2022-10-05,245.01,240.81,246.6697,233.27
TSLA,2022-10-06,239.44,238.13,244.58,235.35
TSLA,2022-10-07,233.935,223.07,234.5715,222.02
TSLA,2022-10-10,223.93,222.96,226.99,218.3582
TSLA,2022-10-11,220.945,216.5,225.75,215.0
TSLA,2022-10-12,215.33,217.24,219.2999,211.51
TSLA,2022-10-13,208.3,221.72,222.99,206.22
TSLA,2022-10-14,224.01,204.99,226.26,204.16
TSLA,2022-10-17,210.04,219.35,221.86,209.45
TSLA,2022-10-18,229.5,220.19,229.82,217.25
TSLA,2022-10-19,219.8,222.04,222.93,217.78
TSLA,2022-10-20,208.28,207.28,215.55,202.0
TSLA,2022-10-21,206.415,214.44,214.66,203.8
TSLA,2022-10-24,205.82,211.25,213.5,198.5863
TSLA,2022-10-25,210.1,222.415,224.3498,210.0
TSLA,2022-10-26,219.4,224.64,230.6,218.2
TSLA,2022-10-27,229.77,225.09,233.81,222.85
TSLA,2022-10-28,225.4,228.52,228.86,216.35
TSLA,2022-10-31,226.19,227.54,229.85,221.94
TSLA,2022-11-01,234.05,227.82,237.3951,227.28
TSLA,2022-11-02,226.04,214.98,227.8699,214.82
TSLA,2022-11-03,211.36,215.31,221.2,210.14
TSLA,2022-11-04,222.6,207.47,223.8,203.08
TSLA,2022-11-07,208.65,197.08,208.9,196.66
TSLA,2022-11-08,194.02,191.3,195.2,186.75
TSLA,2022-11-09,190.775,177.59,195.89,177.12
TSLA,2022-11-10,189.9,190.72,191.0,180.03
TSLA,2022-11-11,186.0,195.97,196.52,182.59
TSLA,2022-11-14,192.77,190.95,195.73,186.34
TSLA,2022-11-15,195.88,194.42,200.8237,192.06
TSLA,2022-11-16,191.51,186.92,192.57,185.66
TSLA,2022-11-17,183.96,183.17,186.16,180.9
TSLA,2022-11-18,185.05,180.19,185.19,176.55
TSLA,2022-11-21,175.85,167.87,176.77,167.54
TSLA,2022-11-22,168.63,169.91,170.92,166.185
TSLA,2022-11-23,173.57,183.2,183.62,172.5
TSLA,2022-11-25,185.06,182.86,185.2,180.63
TSLA,2022-11-28,179.96,182.92,188.5,179.0
TSLA,2022-11-29,184.99,180.83,186.38,178.75
TSLA,2022-11-30,182.43,194.7,194.76,180.6301
TSLA,2022-12-01,197.08,194.7,198.92,191.8
TSLA,2022-12-02,191.78,194.86,196.25,191.11
TSLA,2022-12-05,189.44,182.45,191.27,180.55
TSLA,2022-12-06,181.215,179.82,183.65,175.33
TSLA,2022-12-07,175.03,174.04,179.38,172.218
TSLA,2022-12-08,172.2,173.44,175.2,169.06
TSLA,2022-12-09,173.84,179.05,182.5,173.36
TSLA,2022-12-12,176.1,167.82,177.37,167.52
TSLA,2022-12-13,174.87,160.95,175.05,156.91
TSLA,2022-12-14,159.25,156.8,161.62,155.31
TSLA,2022-12-15,153.44,157.67,160.9299,153.28
TSLA,2022-12-16,159.635,150.23,160.99,150.04
TSLA,2022-12-19,154.0,149.87,155.25,145.82
TSLA,2022-12-20,146.05,137.8,148.47,137.66
TSLA,2022-12-21,139.335,137.57,141.26,135.89
TSLA,2022-12-22,136.0,125.35,136.63,122.26
TSLA,2022-12-23,126.37,123.15,128.6173,121.02
TSLA,2022-12-27,117.495,109.1,119.67,108.76
TSLA,2022-12-28,110.35,112.71,116.27,108.24
TSLA,2022-12-29,120.385,121.82,123.57,117.495
TSLA,2022-12-30,119.95,123.18,124.48,119.75
TM,2022-01-03,186.81,186.29,187.4632,185.16
TM,2022-01-04,193.08,199.19,201.43,192.32
TM,2022-01-05,199.8,196.95,201.3382,196.85
TM,2022-01-06,200.63,199.75,200.8,196.18
TM,2022-01-07,200.68,200.44,201.99,198.72
TM,2022-01-10,200.98,200.35,201.14,197.668
TM,2022-01-11,201.3,201.9,201.97,199.55
TM,2022-01-12,205.0,206.61,207.66,204.65
TM,2022-01-13,211.0,211.37,213.74,210.3746
TM,2022-01-14,210.65,210.69,211.2437,209.16
TM,2022-01-18,209.1,207.47,209.49,207.19
TM,2022-01-19,206.61,202.42,206.7,202.1004
TM,2022-01-20,203.57,201.47,204.805,201.23
TM,2022-01-21,199.18,199.77,200.95,198.56
TM,2022-01-24,195.4,197.7,197.91,192.94
TM,2022-01-25,195.0,197.01,198.77,192.68
TM,2022-01-26,198.48,194.17,198.516,192.83
TM,2022-01-27,192.466,189.96,193.54,189.29
TM,2022-01-28,192.0,193.13,193.36,188.2
TM,2022-01-31,196.0,198.45,198.72,194.915
TM,2022-02-01,195.25,196.43,196.73,194.7
TM,2022-02-02,198.94,199.66,199.925,197.8745
TM,2022-02-03,199.98,199.53,201.46,199.24
TM,2022-02-04,198.06,196.88,198.2377,194.77
TM,2022-02-07,198.15,197.24,198.41,196.53
TM,2022-02-08,200.0,200.32,200.7324,198.0138
TM,2022-02-09,202.12,201.37,203.9499,200.39
TM,2022-02-10,195.0,194.41,197.3,194.25
TM,2022-02-11,194.45,192.71,196.2,191.9054
TM,2022-02-14,190.0,188.97,190.5,187.83
TM,2022-02-15,189.24,189.4,190.058,188.44
TM,2022-02-16,190.11,190.3,190.8999,189.21
TM,2022-02-17,188.0,186.54,188.53,186.1298
TM,2022-02-18,188.87,188.97,189.29,187.5101
TM,2022-02-22,187.04,185.64,187.47,184.4
TM,2022-02-23,187.73,183.84,188.59,183.67
TM,2022-02-24,177.02,182.23,182.55,176.68
TM,2022-02-25,183.9,185.38,185.73,183.26
TM,2022-02-28,184.47,182.95,184.8754,181.645
TM,2022-03-01,183.83,181.71,185.098,180.85
TM,2022-03-02,177.07,179.15,179.76,177.07
TM,2022-03-03,178.22,176.09,178.4788,174.82
TM,2022-03-04,170.84,170.75,171.08,169.09
TM,2022-03-07,163.76,160.17,164.62,160.0
TM,2022-03-08,159.01,156.34,159.99,155.05
TM,2022-03-09,164.21,164.05,165.63,162.8
TM,2022-03-10,165.38,164.43,165.38,162.52
TM,2022-03-11,160.74,158.27,161.62,158.17
TM,2022-03-14,162.5,161.09,163.35,160.61
TM,2022-03-15,165.2,165.93,166.32,164.26
TM,2022-03-16,169.88,171.89,171.99,168.77
TM,2022-03-17,170.05,171.74,172.14,168.52
TM,2022-03-18,170.97,171.7,171.74,169.89
TM,2022-03-21,171.9,171.8,172.96,171.2176
TM,2022-03-22,171.8,172.82,173.69,171.36
TM,2022-03-23,176.98,175.78,178.61,175.78
TM,2022-03-24,180.08,180.27,180.53,178.76
TM,2022-03-25,179.87,178.43,180.395,177.62
TM,2022-03-28,178.27,177.85,179.2,177.13
TM,2022-03-29,183.74,184.81,186.0,183.74
TM,2022-03-30,182.25,180.62,182.71,180.1
TM,2022-03-31,181.82,180.25,182.34,180.24
TM,2022-04-01,180.31,180.37,180.94,178.73
TM,2022-04-04,181.0,182.58,183.13,180.41
TM,2022-04-05,181.5,177.66,181.67,177.5
TM,2022-04-06,176.3,176.52,177.69,175.5102
TM,2022-04-07,174.51,174.49,175.545,172.7695
TM,2022-04-08,170.0,170.78,172.025,169.58
TM,2022-04-11,169.74,169.64,171.46,168.8
TM,2022-04-12,166.92,165.73,168.12,165.13
TM,2022-04-13,166.81,168.44,168.84,166.81
TM,2022-04-14,169.3,167.26,170.5,167.11
TM,2022-04-18,169.48,170.27,170.89,169.3
TM,2022-04-19,170.0,171.45,171.65,169.705
TM,2022-04-20,175.69,175.45,176.88,174.97
TM,2022-04-21,177.09,173.67,177.43,173.52
TM,2022-04-22,172.47,169.53,172.5806,169.35
TM,2022-04-25,169.98,172.16,172.25,169.48
TM,2022-04-26,169.56,166.82,170.63,166.82
TM,2022-04-27,167.5,168.04,169.9,167.5
TM,2022-04-28,170.65,172.97,173.82,169.1775
TM,2022-04-29,172.89,171.0,174.72,170.77
TM,2022-05-02,170.37,170.69,171.0,168.34
TM,2022-05-03,170.7,172.06,172.74,170.7
TM,2022-05-04,172.02,174.85,175.14,170.7011
TM,2022-05-05,173.48,169.93,173.83,168.9
TM,2022-05-06,173.08,173.3,174.31,171.462
TM,2022-05-09,170.49,168.47,171.4,168.25
TM,2022-05-10,168.85,166.45,169.7,165.21
TM,2022-05-11,161.45,157.06,162.27,157.05
TM,2022-05-12,157.2,158.54,159.7,156.9601
TM,2022-05-13,159.95,161.33,162.13,159.63
TM,2022-05-16,159.43,159.21,160.02,157.95
TM,2022-05-17,159.13,159.98,160.22,158.92
TM,2022-05-18,158.44,155.48,158.76,155.27
TM,2022-05-19,155.26,155.89,157.12,155.25
TM,2022-05-20,159.19,158.66,160.03,156.18
TM,2022-05-23,160.57,161.35,162.27,160.28
TM,2022-05-24,160.44,160.6,161.13,159.68
TM,2022-05-25,159.65,161.03,161.88,159.65
TM,2022-05-26,164.0,165.53,166.1,163.7
TM,2022-05-27,165.42,166.83,166.87,165.239
TM,2022-05-31,167.21,166.37,167.21,165.5
TM,2022-06-01,169.67,168.7,169.868,167.4663
TM,2022-06-02,169.16,170.24,170.37,168.17
TM,2022-06-03,166.12,164.81,166.12,164.105
TM,2022-06-06,167.28,165.58,167.4082,165.32
TM,2022-06-07,164.81,166.25,166.42,164.6799
TM,2022-06-08,166.45,165.35,166.675,164.99
TM,2022-06-09,166.03,164.51,166.99,164.51
TM,2022-06-10,162.5,161.3,162.964,161.29
TM,2022-06-13,157.6,155.5,157.74,155.14
TM,2022-06-14,155.5,155.16,156.1798,154.13
TM,2022-06-15,155.09,156.75,157.4272,154.3101
TM,2022-06-16,156.44,154.46,156.7,153.52
TM,2022-06-17,154.15,153.95,154.44,152.39
TM,2022-06-21,157.32,159.09,159.632,157.32
TM,2022-06-22,156.93,159.14,160.0,156.93
TM,2022-06-23,157.85,157.52,158.609,156.28
TM,2022-06-24,157.88,159.08,159.08,157.3
TM,2022-06-27,157.69,156.53,157.94,156.35
TM,2022-06-28,159.26,157.11,160.82,157.02
TM,2022-06-29,156.4,155.67,156.43,155.2195
TM,2022-06-30,153.66,154.17,154.63,152.395
TM,2022-07-01,152.89,155.47,155.59,152.82
TM,2022-07-05,153.15,154.67,154.71,152.6
TM,2022-07-06,153.61,152.83,153.61,152.14
TM,2022-07-07,155.11,157.15,157.17,155.02
TM,2022-07-08,156.42,156.76,157.33,156.2
TM,2022-07-11,156.6,155.17,156.62,155.03
TM,2022-07-12,154.66,155.43,156.45,154.53
TM,2022-07-13,154.05,155.44,155.97,153.9101
TM,2022-07-14,154.42,153.14,154.42,152.175
TM,2022-07-15,155.69,156.7,156.85,154.93
TM,2022-07-18,157.0,156.75,158.13,156.38
TM,2022-07-19,159.17,160.42,160.54,158.745
TM,2022-07-20,159.6,157.9,159.68,157.4
TM,2022-07-21,158.53,159.18,159.42,158.09
TM,2022-07-22,160.59,160.3,161.165,159.72
TM,2022-07-25,160.05,159.42,160.05,158.8801
TM,2022-07-26,158.81,158.06,159.07,157.93
TM,2022-07-27,158.93,160.05,160.4,158.0
TM,2022-07-28,158.7,159.51,159.8,157.7
TM,2022-07-29,159.95,162.59,162.78,159.335
TM,2022-08-01,165.58,166.77,167.04,165.58
TM,2022-08-02,164.3,163.66,165.2,163.52
TM,2022-08-03,162.84,163.13,163.88,161.25
TM,2022-08-04,157.25,156.66,158.1899,156.63
TM,2022-08-05,157.61,157.31,158.0214,156.25
TM,2022-08-08,157.0,156.2,157.285,156.04
TM,2022-08-09,155.0,152.94,156.0,152.46
TM,2022-08-10,156.0,157.89,158.35,155.1701
TM,2022-08-11,158.88,158.6,159.7299,158.28
TM,2022-08-12,160.05,161.31,161.61,159.24
TM,2022-08-15,160.9,160.46,160.9,159.42
TM,2022-08-16,159.3,159.42,159.93,158.58
TM,2022-08-17,160.08,160.77,161.68,159.81
TM,2022-08-18,159.48,159.13,159.77,158.78
TM,2022-08-19,157.67,156.46,157.97,156.12
TM,2022-08-22,155.6,154.32,155.95,153.95
TM,2022-08-23,153.74,153.48,155.28,153.48
TM,2022-08-24,153.4,154.5,155.15,153.21
TM,2022-08-25,155.0,156.0,156.0,154.53
TM,2022-08-26,155.15,151.77,155.495,151.731
TM,2022-08-29,151.22,151.77,152.4757,151.2
TM,2022-08-30,152.65,150.17,152.77,149.55
TM,2022-08-31,150.55,149.37,151.04,149.315
TM,2022-09-01,147.61,146.8,147.865,145.6111
TM,2022-09-02,147.55,145.56,147.87,145.08
TM,2022-09-06,145.0,143.94,145.33,143.28
TM,2022-09-07,141.99,143.34,143.509,140.96
TM,2022-09-08,142.61,144.13,144.26,142.47
TM,2022-09-09,146.03,145.59,146.03,145.2
TM,2022-09-12,144.66,145.04,145.89,144.66
TM,2022-09-13,142.49,140.23,142.947,140.2
TM,2022-09-14,141.54,141.47,142.71,140.82
TM,2022-09-15,141.16,140.45,142.36,140.24
TM,2022-09-16,140.32,140.74,141.26,140.19
TM,2022-09-19,140.12,141.45,141.68,140.0
TM,2022-09-20,141.6,140.73,142.15,140.2
TM,2022-09-21,139.5,137.58,140.0,137.57
TM,2022-09-22,140.72,139.05,141.5,138.12
TM,2022-09-23,137.6,137.28,137.61,135.84
TM,2022-09-26,136.13,135.62,137.41,135.1
TM,2022-09-27,136.89,135.74,137.23,134.84
TM,2022-09-28,134.76,136.89,137.4358,134.35
TM,2022-09-29,135.11,133.76,135.15,132.545
TM,2022-09-30,134.21,130.29,134.43,130.07
TM,2022-10-03,134.15,135.59,136.2,133.8
TM,2022-10-04,138.35,139.85,140.18,138.2686
TM,2022-10-05,137.54,138.09,138.52,136.37
TM,2022-10-06,136.35,136.17,137.12,136.01
TM,2022-10-07,136.33,135.85,136.84,135.205
TM,2022-10-10,135.76,134.86,135.76,134.26
TM,2022-10-11,134.12,135.06,136.85,134.12
TM,2022-10-12,135.55,135.0,136.31,135.0
TM,2022-10-13,133.27,136.38,136.8,132.5
TM,2022-10-14,136.4,134.11,136.4,134.0382
TM,2022-10-17,135.85,136.16,136.8,135.85
TM,2022-10-18,135.26,134.26,135.31,133.22
TM,2022-10-19,133.58,132.97,133.8899,132.0863
TM,2022-10-20,133.64,133.24,134.8,132.8
TM,2022-10-21,131.69,133.76,133.92,131.34
TM,2022-10-24,133.63,134.74,135.0995,133.14
TM,2022-10-25,135.88,137.07,137.91,135.7801
TM,2022-10-26,136.89,137.93,138.89,136.83
TM,2022-10-27,137.05,136.47,137.7499,136.39
TM,2022-10-28,137.68,139.52,139.79,137.55
TM,2022-10-31,138.58,138.81,139.32,137.57
TM,2022-11-01,138.0,135.16,138.0,134.47
TM,2022-11-02,136.65,135.39,138.2,135.25
TM,2022-11-03,135.19,135.25,136.28,134.23
TM,2022-11-04,136.0,137.35,137.68,135.6
TM,2022-11-07,136.83,137.26,137.53,135.9
TM,2022-11-08,137.36,137.5,138.65,136.65
TM,2022-11-09,136.0,134.53,136.1,134.1
TM,2022-11-10,137.59,140.52,140.57,137.56
TM,2022-11-11,142.17,143.26,143.46,141.51
TM,2022-11-14,142.28,142.12,143.395,141.6929
TM,2022-11-15,144.68,143.75,144.97,142.925
TM,2022-11-16,143.15,142.12,143.2426,141.82
TM,2022-11-17,141.21,142.93,142.96,141.0996
TM,2022-11-18,143.08,143.19,143.51,142.6308
TM,2022-11-21,142.78,142.16,142.925,141.945
TM,2022-11-22,144.63,145.33,145.5,144.3
TM,2022-11-23,146.06,146.71,146.71,145.25
TM,2022-11-25,147.0,148.27,148.645,146.94
TM,2022-11-28,146.84,146.51,147.7,146.3169
TM,2022-11-29,145.26,145.4,146.18,144.87
TM,2022-11-30,145.44,147.69,147.87,144.85
TM,2022-12-01,147.22,147.66,148.24,146.58
TM,2022-12-02,145.56,146.53,146.61,144.985
TM,2022-12-05,144.76,143.19,144.8,142.65
TM,2022-12-06,142.88,141.09,142.88,140.201
TM,2022-12-07,141.75,141.86,143.03,141.3475
TM,2022-12-08,142.0,142.28,142.375,141.62
TM,2022-12-09,142.49,143.34,144.21,142.49
TM,2022-12-12,143.62,144.12,144.205,142.75
TM,2022-12-13,146.84,144.5,147.3399,144.33
TM,2022-12-14,146.01,144.65,146.37,143.8013
TM,2022-12-15,143.22,141.66,143.82,141.06
TM,2022-12-16,140.28,140.43,141.51,140.04
TM,2022-12-19,140.0,139.61,140.8,138.86
TM,2022-12-20,138.89,138.83,140.24,138.77
TM,2022-12-21,137.11,137.46,137.81,136.69
TM,2022-12-22,138.28,137.0,138.425,135.88
TM,2022-12-23,137.04,137.14,137.755,136.19
TM,2022-12-27,136.12,136.16,136.965,135.8389
TM,2022-12-28,136.0,134.13,136.77,133.9001
TM,2022-12-29,135.94,137.41,137.49,135.91
TM,2022-12-30,136.88,136.58,137.3999,136.0
HMC,2022-01-03,28.62,28.82,28.905,28.62
HMC,2022-01-04,28.9,29.49,29.735,28.87
HMC,2022-01-05,29.64,29.27,29.8,29.27
HMC,2022-01-06,29.69,29.73,29.7999,29.37
HMC,2022-01-07,29.76,29.75,29.79,29.53
HMC,2022-01-10,29.75,29.67,29.84,29.3
HMC,2022-01-11,30.14,30.34,30.36,30.01
HMC,2022-01-12,30.5,30.64,30.655,30.45
HMC,2022-01-13,30.79,30.89,31.115,30.7201
HMC,2022-01-14,30.41,30.69,30.725,30.39
HMC,2022-01-18,30.51,30.41,30.6,30.315
HMC,2022-01-19,30.38,29.78,30.42,29.755
HMC,2022-01-20,29.9,29.47,29.94,29.44
HMC,2022-01-21,30.25,29.78,30.28,29.6618
HMC,2022-01-24,29.41,29.53,29.58,28.88
HMC,2022-01-25,29.57,29.82,30.01,29.255
HMC,2022-01-26,29.59,29.36,29.68,29.16
HMC,2022-01-27,29.36,28.99,29.5298,28.805
HMC,2022-01-28,28.88,29.0,29.01,28.495
HMC,2022-01-31,29.01,29.55,29.56,28.87
HMC,2022-02-01,28.91,29.18,29.21,28.85
HMC,2022-02-02,29.65,29.77,29.819,29.5
HMC,2022-02-03,29.96,29.85,30.16,29.85
HMC,2022-02-04,29.64,29.61,29.69,29.37
HMC,2022-02-07,29.62,29.55,29.66,29.41
HMC,2022-02-08,29.58,29.6,29.64,29.455
HMC,2022-02-09,30.12,30.5,30.65,30.04
HMC,2022-02-10,31.0,30.76,31.39,30.73
HMC,2022-02-11,30.76,30.46,30.9201,30.43
HMC,2022-02-14,30.84,30.66,31.0,30.4337
HMC,2022-02-15,31.35,31.72,31.75,31.35
HMC,2022-02-16,32.0,31.97,32.15,31.74
HMC,2022-02-17,31.82,31.56,31.91,31.525
HMC,2022-02-18,31.8,31.87,31.98,31.69
HMC,2022-02-22,31.49,31.18,31.52,31.05
HMC,2022-02-23,31.31,30.77,31.385,30.715
HMC,2022-02-24,30.43,30.57,30.6,30.08
HMC,2022-02-25,30.66,31.05,31.08,30.63
HMC,2022-02-28,30.38,30.56,30.64,30.28
HMC,2022-03-01,30.42,29.82,30.49,29.69
HMC,2022-03-02,29.74,29.61,29.74,29.38
HMC,2022-03-03,29.29,28.83,29.36,28.77
HMC,2022-03-04,28.39,28.01,28.57,27.74
HMC,2022-03-07,27.37,26.68,27.44,26.63
HMC,2022-03-08,26.56,26.39,26.915,26.16
HMC,2022-03-09,27.1,27.27,27.42,27.0
HMC,2022-03-10,27.27,27.18,27.39,26.8613
HMC,2022-03-11,27.07,26.45,27.14,26.45
HMC,2022-03-14,26.81,26.66,27.01,26.595
HMC,2022-03-15,26.86,27.16,27.18,26.81
HMC,2022-03-16,27.84,28.28,28.28,27.81
HMC,2022-03-17,28.26,28.24,28.26,27.925
HMC,2022-03-18,28.12,28.32,28.32,27.94
HMC,2022-03-21,28.36,28.23,28.44,28.085
HMC,2022-03-22,28.54,28.51,28.62,28.43
HMC,2022-03-23,28.6,28.37,28.7,28.36
HMC,2022-03-24,28.42,28.48,28.54,28.17
HMC,2022-03-25,28.41,28.44,28.485,28.27
HMC,2022-03-28,28.4,28.2,28.45,28.11
HMC,2022-03-29,29.03,29.05,29.19,28.87
HMC,2022-03-30,28.79,28.54,28.91,28.44
HMC,2022-03-31,28.59,28.26,28.6077,28.24
HMC,2022-04-01,28.25,28.3,28.33,28.085
HMC,2022-04-04,28.27,28.47,28.495,28.18
HMC,2022-04-05,28.04,27.42,28.12,27.38
HMC,2022-04-06,26.75,26.84,26.99,26.7284
HMC,2022-04-07,26.25,25.99,26.2722,25.77
HMC,2022-04-08,25.91,26.06,26.26,25.8
HMC,2022-04-11,25.95,26.04,26.2701,25.88
HMC,2022-04-12,26.06,25.68,26.06,25.645
HMC,2022-04-13,25.75,25.97,25.97,25.705
HMC,2022-04-14,26.02,25.75,26.1,25.73
HMC,2022-04-18,25.75,25.91,26.035,25.73
HMC,2022-04-19,25.89,26.22,26.24,25.85
HMC,2022-04-20,26.82,26.76,27.05,26.73
HMC,2022-04-21,26.94,26.45,27.03,26.415
HMC,2022-04-22,26.3,25.93,26.32,25.92
HMC,2022-04-25,26.25,26.46,26.47,26.02
HMC,2022-04-26,26.34,25.83,26.44,25.83
HMC,2022-04-27,25.77,25.69,25.895,25.57
HMC,2022-04-28,26.15,26.45,26.54,25.9919
HMC,2022-04-29,26.55,26.25,26.79,26.23
HMC,2022-05-02,26.23,26.26,26.33,25.92
HMC,2022-05-03,26.37,26.58,26.675,26.32
HMC,2022-05-04,26.57,27.12,27.13,26.41
HMC,2022-05-05,26.77,26.35,26.89,26.21
HMC,2022-05-06,26.56,26.68,26.91,26.365
HMC,2022-05-09,26.0,25.7,26.2,25.63
HMC,2022-05-10,25.95,25.63,25.98,25.3949
HMC,2022-05-11,25.22,24.73,25.505,24.73
HMC,2022-05-12,25.02,25.09,25.295,24.76
HMC,2022-05-13,25.75,25.63,25.77,25.27
HMC,2022-05-16,24.59,24.64,24.73,24.4026
HMC,2022-05-17,24.81,25.2,25.205,24.775
HMC,2022-05-18,24.96,24.54,25.045,24.51
HMC,2022-05-19,24.67,25.01,25.15,24.67
HMC,2022-05-20,25.2,25.02,25.25,24.635
HMC,2022-05-23,25.08,25.26,25.39,25.04
HMC,2022-05-24,24.98,24.95,25.06,24.775
HMC,2022-05-25,24.4,24.57,24.665,24.365
HMC,2022-05-26,24.71,24.96,25.02,24.69
HMC,2022-05-27,24.95,25.15,25.17,24.91
HMC,2022-05-31,24.88,24.9,24.98,24.735
HMC,2022-06-01,25.75,25.44,25.83,25.26
HMC,2022-06-02,25.56,25.84,25.84,25.51
HMC,2022-06-03,25.23,24.96,25.24,24.875
HMC,2022-06-06,25.27,25.23,25.37,25.12
HMC,2022-06-07,25.38,25.59,25.61,25.295
HMC,2022-06-08,25.38,25.19,25.39,25.125
HMC,2022-06-09,25.29,25.28,25.545,25.27
HMC,2022-06-10,25.06,24.7,25.17,24.62
HMC,2022-06-13,24.35,23.98,24.49,23.93
HMC,2022-06-14,24.25,24.47,24.58,24.25
HMC,2022-06-15,24.5,24.92,25.035,24.5
HMC,2022-06-16,24.6,24.31,24.63,24.18
HMC,2022-06-17,24.28,24.35,24.451,24.1
HMC,2022-06-21,24.57,25.02,25.18,24.52
HMC,2022-06-22,24.8,25.13,25.25,24.8
HMC,2022-06-23,25.09,24.84,25.09,24.635
HMC,2022-06-24,24.73,25.04,25.05,24.61
HMC,2022-06-27,24.55,24.44,24.625,24.41
HMC,2022-06-28,24.82,24.78,25.21,24.75
HMC,2022-06-29,24.64,24.46,24.67,24.381
HMC,2022-06-30,24.18,24.15,24.2755,23.845
HMC,2022-07-01,23.75,24.21,24.26,23.73
HMC,2022-07-05,23.5,23.61,23.61,23.21
HMC,2022-07-06,23.48,23.4,23.51,23.302
HMC,2022-07-07,23.71,24.08,24.13,23.71
HMC,2022-07-08,24.09,24.16,24.285,24.07
HMC,2022-07-11,24.17,23.92,24.205,23.91
HMC,2022-07-12,23.9,24.04,24.18,23.84
HMC,2022-07-13,24.11,24.42,24.48,24.11
HMC,2022-07-14,24.0,24.13,24.135,23.8095
HMC,2022-07-15,24.37,24.62,24.73,24.355
HMC,2022-07-18,24.79,24.75,25.07,24.7
HMC,2022-07-19,25.1,25.5,25.5,25.07
HMC,2022-07-20,25.58,25.33,25.58,25.285
HMC,2022-07-21,25.35,25.64,25.64,25.345
HMC,2022-07-22,25.45,25.46,25.52,25.27
HMC,2022-07-25,25.66,25.62,25.73,25.48
HMC,2022-07-26,25.32,25.27,25.475,25.26
HMC,2022-07-27,25.21,25.39,25.47,25.095
HMC,2022-07-28,25.46,25.85,25.875,25.385
HMC,2022-07-29,25.48,25.72,25.745,25.35
HMC,2022-08-01,25.96,26.38,26.39,25.96
HMC,2022-08-02,26.31,26.02,26.41,26.015
HMC,2022-08-03,25.93,25.82,26.21,25.54
HMC,2022-08-04,25.52,25.36,25.62,25.35
HMC,2022-08-05,25.12,25.02,25.23,24.9137
HMC,2022-08-08,25.25,25.23,25.32,25.15
HMC,2022-08-09,25.2,24.99,25.25,24.92
HMC,2022-08-10,25.89,26.79,26.83,25.85
HMC,2022-08-11,26.87,27.0,27.345,26.87
HMC,2022-08-12,26.93,27.04,27.12,26.75
HMC,2022-08-15,27.19,27.23,27.34,27.04
HMC,2022-08-16,27.05,26.95,27.09,26.805
HMC,2022-08-17,27.29,27.25,27.395,27.1
HMC,2022-08-18,27.2,27.19,27.265,27.1
HMC,2022-08-19,27.08,27.05,27.15,26.975
HMC,2022-08-22,26.89,26.66,26.95,26.64
HMC,2022-08-23,26.61,26.63,26.9,26.59
HMC,2022-08-24,26.74,26.93,27.145,26.57
HMC,2022-08-25,26.72,27.03,27.035,26.64
HMC,2022-08-26,26.95,26.34,26.97,26.32
HMC,2022-08-29,26.42,26.8,26.92,26.42
HMC,2022-08-30,26.81,26.65,26.88,26.53
HMC,2022-08-31,26.81,26.52,26.81,26.495
HMC,2022-09-01,26.26,26.12,26.26,25.975
HMC,2022-09-02,26.34,26.17,26.615,26.14
HMC,2022-09-06,25.8,25.57,25.8,25.415
HMC,2022-09-07,25.39,25.77,25.83,25.295
HMC,2022-09-08,25.58,25.55,25.62,25.265
HMC,2022-09-09,25.93,25.95,26.02,25.805
HMC,2022-09-12,25.94,26.08,26.19,25.94
HMC,2022-09-13,25.41,25.19,25.65,25.1
HMC,2022-09-14,25.26,25.04,25.33,24.87
HMC,2022-09-15,24.89,24.79,25.13,24.685
HMC,2022-09-16,24.54,24.57,24.675,24.5
HMC,2022-09-19,24.46,24.84,24.84,24.3437
HMC,2022-09-20,24.54,24.39,24.595,24.31
HMC,2022-09-21,24.27,23.8,24.285,23.8
HMC,2022-09-22,24.24,23.95,24.32,23.87
HMC,2022-09-23,23.67,23.52,23.71,23.245
HMC,2022-09-26,23.06,22.81,23.26,22.665
HMC,2022-09-27,23.22,22.84,23.275,22.64
HMC,2022-09-28,22.66,22.93,23.06,22.54
HMC,2022-09-29,22.58,22.19,22.69,22.08
HMC,2022-09-30,21.88,21.59,21.98,21.53
HMC,2022-10-03,22.17,22.38,22.53,21.979
HMC,2022-10-04,22.74,22.94,22.96,22.69
HMC,2022-10-05,22.58,22.64,22.71,22.3813
HMC,2022-10-06,22.67,22.52,22.75,22.455
HMC,2022-10-07,22.5,22.31,22.52,22.2
HMC,2022-10-10,22.22,22.07,22.23,21.97
HMC,2022-10-11,21.97,21.92,22.23,21.9
HMC,2022-10-12,21.77,21.76,21.9675,21.625
HMC,2022-10-13,21.63,22.3,22.35,21.59
HMC,2022-10-14,22.35,22.02,22.35,21.93
HMC,2022-10-17,22.25,22.2,22.35,22.19
HMC,2022-10-18,22.29,21.94,22.29,21.73
HMC,2022-10-19,21.8,21.77,21.905,21.57
HMC,2022-10-20,21.8,21.67,21.98,21.62
HMC,2022-10-21,21.53,22.0,22.05,21.435
HMC,2022-10-24,21.84,22.02,22.08,21.78
HMC,2022-10-25,22.35,22.52,22.55,22.335
HMC,2022-10-26,22.78,22.78,22.925,22.65
HMC,2022-10-27,22.67,22.59,22.735,22.5
HMC,2022-10-28,22.61,22.83,22.88,22.53
HMC,2022-10-31,22.69,22.82,22.885,22.64
HMC,2022-11-01,23.1,22.97,23.165,22.8
HMC,2022-11-02,23.27,22.97,23.43,22.955
HMC,2022-11-03,22.85,22.87,22.975,22.58
HMC,2022-11-04,23.12,23.45,23.5316,23.12
HMC,2022-11-07,23.37,23.49,23.575,23.3451
HMC,2022-11-08,23.65,23.69,23.86,23.595
HMC,2022-11-09,23.04,22.36,23.04,22.2
HMC,2022-11-10,23.15,23.44,23.46,22.9747
HMC,2022-11-11,23.68,23.98,24.045,23.63
HMC,2022-11-14,23.56,23.6,23.795,23.545
HMC,2022-11-15,24.04,23.79,24.045,23.67
HMC,2022-11-16,23.7,23.54,23.73,23.465
HMC,2022-11-17,23.31,23.58,23.615,23.215
HMC,2022-11-18,23.76,23.78,23.86,23.68
HMC,2022-11-21,23.61,23.65,23.7063,23.575
HMC,2022-11-22,23.9,23.98,24.025,23.89
HMC,2022-11-23,24.0,24.11,24.115,23.92
HMC,2022-11-25,24.14,24.43,24.495,24.14
HMC,2022-11-28,24.22,24.21,24.365,24.15
HMC,2022-11-29,24.0,24.1,24.23,23.78
HMC,2022-11-30,24.36,24.5,24.5263,23.985
HMC,2022-12-01,24.5,24.6,24.691,24.45
HMC,2022-12-02,24.16,24.17,24.23,23.99
HMC,2022-12-05,23.91,23.79,23.995,23.745
HMC,2022-12-06,23.87,23.7,23.935,23.495
HMC,2022-12-07,23.88,23.85,23.9528,23.77
HMC,2022-12-08,23.92,23.89,23.9299,23.7508
HMC,2022-12-09,23.8,23.94,24.075,23.755
HMC,2022-12-12,23.96,24.02,24.065,23.78
HMC,2022-12-13,24.6,24.32,24.735,24.225
HMC,2022-12-14,24.41,24.07,24.45,23.925
HMC,2022-12-15,23.95,23.78,24.01,23.67
HMC,2022-12-16,23.64,23.57,23.8,23.51
HMC,2022-12-19,23.5,23.49,23.735,23.4
HMC,2022-12-20,23.45,23.45,23.63,23.43
HMC,2022-12-21,23.01,22.96,23.125,22.75
HMC,2022-12-22,23.05,22.94,23.14,22.71
HMC,2022-12-23,22.94,23.12,23.18,22.85
HMC,2022-12-27,22.88,22.92,23.005,22.77
HMC,2022-12-28,22.87,22.35,22.91,22.35
HMC,2022-12-29,22.68,22.9,22.96,22.61
HMC,2022-12-30,22.83,22.86,22.91,22.78
